Akropolis	Chicken Souvlaki	https://images.pexels.com/photos/32754748/pexels-photo-32754748.jpeg?auto=compress&cs=tinysrgb&fit=crop&h=627&w=1200
Akropolis	Falafel Wrap	https://images.pexels.com/photos/33337332/pexels-photo-33337332.jpeg?auto=compress&cs=tinysrgb&fit=crop&h=627&w=1200
Akropolis	Hummus Plate	https://images.pexels.com/photos/4899785/pexels-photo-4899785.jpeg?auto=compress&cs=tinysrgb&fit=crop&h=627&w=1200
Akropolis	Baklava	https://images.pexels.com/photos/36879793/pexels-photo-36879793.jpeg?auto=compress&cs=tinysrgb&fit=crop&h=627&w=1200
Akropolis	Köfte Plate	https://images.pexels.com/photos/6161666/pexels-photo-6161666.jpeg?auto=compress&cs=tinysrgb&fit=crop&h=627&w=1200
Die Brennerei	Chicken Adobo	https://images.pexels.com/photos/10748639/pexels-photo-10748639.jpeg?auto=compress&cs=tinysrgb&fit=crop&h=627&w=1200
Die Brennerei	Lumpia	https://images.pexels.com/photos/17582436/pexels-photo-17582436.jpeg?auto=compress&cs=tinysrgb&fit=crop&h=627&w=1200
Die Brennerei	Pancit Canton	https://images.pexels.com/photos/4518665/pexels-photo-4518665.jpeg?auto=compress&cs=tinysrgb&fit=crop&h=627&w=1200
Die Brennerei	Halo-Halo Cup	https://images.pexels.com/photos/33990956/pexels-photo-33990956.jpeg?auto=compress&cs=tinysrgb&fit=crop&h=627&w=1200
Die Brennerei	Pork Tocino Bowl	https://images.pexels.com/photos/31299642/pexels-photo-31299642.jpeg?auto=compress&cs=tinysrgb&fit=crop&h=627&w=1200
Due Sicilie	Caprese	https://images.pexels.com/photos/34636894/pexels-photo-34636894.jpeg?auto=compress&cs=tinysrgb&fit=crop&h=627&w=1200
Due Sicilie	Penne Arrabbiata	https://images.pexels.com/photos/5211210/pexels-photo-5211210.jpeg?auto=compress&cs=tinysrgb&fit=crop&h=627&w=1200
Due Sicilie	Pizza Margherita	https://images.pexels.com/photos/31450849/pexels-photo-31450849.jpeg?auto=compress&cs=tinysrgb&fit=crop&h=627&w=1200
Due Sicilie	Pizza Diavola	https://images.pexels.com/photos/7813574/pexels-photo-7813574.jpeg?auto=compress&cs=tinysrgb&fit=crop&h=627&w=1200
Due Sicilie	Tiramisu	https://images.pexels.com/photos/28482524/pexels-photo-28482524.jpeg?auto=compress&cs=tinysrgb&fit=crop&h=627&w=1200
Fischerhäusl	Apfelstrudel	https://images.pexels.com/photos/8520760/pexels-photo-8520760.jpeg?auto=compress&cs=tinysrgb&fit=crop&h=627&w=1200
Fischerhäusl	Gröstl Bowl	https://images.pexels.com/photos/28992216/pexels-photo-28992216.jpeg?auto=compress&cs=tinysrgb&fit=crop&h=627&w=1200
Fischerhäusl	Wiener Schnitzel	https://images.pexels.com/photos/18275671/pexels-photo-18275671.jpeg?auto=compress&cs=tinysrgb&fit=crop&h=627&w=1200
Fischerhäusl	Käsespätzle	https://images.pexels.com/photos/29716501/pexels-photo-29716501.jpeg?auto=compress&cs=tinysrgb&fit=crop&h=627&w=1200
Fischerhäusl	Mixed Salad	https://images.pexels.com/photos/34618719/pexels-photo-34618719.jpeg?auto=compress&cs=tinysrgb&fit=crop&h=627&w=1200
Gaia Cuisine	Chocolate Chia Cup	https://images.pexels.com/photos/4397288/pexels-photo-4397288.jpeg?auto=compress&cs=tinysrgb&fit=crop&h=627&w=1200
Gaia Cuisine	Crispy Cauliflower	https://images.pexels.com/photos/4963746/pexels-photo-4963746.jpeg?auto=compress&cs=tinysrgb&fit=crop&h=627&w=1200
Gaia Cuisine	Green Gaia Bowl	https://images.pexels.com/photos/6740849/pexels-photo-6740849.jpeg?auto=compress&cs=tinysrgb&fit=crop&h=627&w=1200
Gaia Cuisine	Ginger Lemonade	https://images.pexels.com/photos/12931442/pexels-photo-12931442.jpeg?auto=compress&cs=tinysrgb&fit=crop&h=627&w=1200
Gaia Cuisine	Miso Mushroom Bowl	https://images.pexels.com/photos/23658622/pexels-photo-23658622.jpeg?auto=compress&cs=tinysrgb&fit=crop&h=627&w=1200
Gasthof Weisses Rössl	Apfelstrudel	https://images.pexels.com/photos/9589795/pexels-photo-9589795.jpeg?auto=compress&cs=tinysrgb&fit=crop&h=627&w=1200
Gasthof Weisses Rössl	Gröstl Bowl	https://images.pexels.com/photos/19150338/pexels-photo-19150338.jpeg?auto=compress&cs=tinysrgb&fit=crop&h=627&w=1200
Gasthof Weisses Rössl	Wiener Schnitzel	https://images.pexels.com/photos/17988432/pexels-photo-17988432.jpeg?auto=compress&cs=tinysrgb&fit=crop&h=627&w=1200
Gasthof Weisses Rössl	Käsespätzle	https://images.pexels.com/photos/10165859/pexels-photo-10165859.jpeg?auto=compress&cs=tinysrgb&fit=crop&h=627&w=1200
Gasthof Weisses Rössl	Mixed Salad	https://images.pexels.com/photos/14090828/pexels-photo-14090828.jpeg?auto=compress&cs=tinysrgb&fit=crop&h=627&w=1200
Goldener Adler Restaurant	Apfelstrudel	https://images.pexels.com/photos/29152674/pexels-photo-29152674.jpeg?auto=compress&cs=tinysrgb&fit=crop&h=627&w=1200
Goldener Adler Restaurant	Gröstl Bowl	https://images.pexels.com/photos/7660475/pexels-photo-7660475.jpeg?auto=compress&cs=tinysrgb&fit=crop&h=627&w=1200
Goldener Adler Restaurant	Wiener Schnitzel	https://images.pexels.com/photos/33865567/pexels-photo-33865567.jpeg?auto=compress&cs=tinysrgb&fit=crop&h=627&w=1200
Goldener Adler Restaurant	Käsespätzle	https://images.pexels.com/photos/30461207/pexels-photo-30461207.jpeg?auto=compress&cs=tinysrgb&fit=crop&h=627&w=1200
Goldener Adler Restaurant	Mixed Salad	https://images.pexels.com/photos/34777522/pexels-photo-34777522.jpeg?auto=compress&cs=tinysrgb&fit=crop&h=627&w=1200
Goldenes Dachl Restaurant	Apfelstrudel	https://images.pexels.com/photos/8250720/pexels-photo-8250720.jpeg?auto=compress&cs=tinysrgb&fit=crop&h=627&w=1200
Goldenes Dachl Restaurant	Gröstl Bowl	https://images.pexels.com/photos/28701134/pexels-photo-28701134.jpeg?auto=compress&cs=tinysrgb&fit=crop&h=627&w=1200
Goldenes Dachl Restaurant	Wiener Schnitzel	https://images.pexels.com/photos/5175610/pexels-photo-5175610.jpeg?auto=compress&cs=tinysrgb&fit=crop&h=627&w=1200
Goldenes Dachl Restaurant	Käsespätzle	https://images.pexels.com/photos/28491551/pexels-photo-28491551.jpeg?auto=compress&cs=tinysrgb&fit=crop&h=627&w=1200
Goldenes Dachl Restaurant	Mixed Salad	https://images.pexels.com/photos/4506876/pexels-photo-4506876.jpeg?auto=compress&cs=tinysrgb&fit=crop&h=627&w=1200
Himal Nepali Kitchen	Butter Chicken	https://images.pexels.com/photos/10615283/pexels-photo-10615283.jpeg?auto=compress&cs=tinysrgb&fit=crop&h=627&w=1200
Himal Nepali Kitchen	Garlic Naan	https://images.pexels.com/photos/12737808/pexels-photo-12737808.jpeg?auto=compress&cs=tinysrgb&fit=crop&h=627&w=1200
Himal Nepali Kitchen	Vegetable Momos	https://images.pexels.com/photos/5409010/pexels-photo-5409010.jpeg?auto=compress&cs=tinysrgb&fit=crop&h=627&w=1200
Himal Nepali Kitchen	Dal Tadka	https://images.pexels.com/photos/32825914/pexels-photo-32825914.jpeg?auto=compress&cs=tinysrgb&fit=crop&h=627&w=1200
Himal Nepali Kitchen	Mango Lassi	https://images.pexels.com/photos/17200460/pexels-photo-17200460.jpeg?auto=compress&cs=tinysrgb&fit=crop&h=627&w=1200
Indisches Restaurant Rama	Butter Chicken	https://images.pexels.com/photos/35158690/pexels-photo-35158690.jpeg?auto=compress&cs=tinysrgb&fit=crop&h=627&w=1200
Indisches Restaurant Rama	Garlic Naan	https://images.pexels.com/photos/20446413/pexels-photo-20446413.jpeg?auto=compress&cs=tinysrgb&fit=crop&h=627&w=1200
Indisches Restaurant Rama	Vegetable Momos	https://images.pexels.com/photos/7363672/pexels-photo-7363672.jpeg?auto=compress&cs=tinysrgb&fit=crop&h=627&w=1200
Indisches Restaurant Rama	Dal Tadka	https://images.pexels.com/photos/37182514/pexels-photo-37182514.jpeg?auto=compress&cs=tinysrgb&fit=crop&h=627&w=1200
Indisches Restaurant Rama	Mango Lassi	https://images.pexels.com/photos/31490093/pexels-photo-31490093.jpeg?auto=compress&cs=tinysrgb&fit=crop&h=627&w=1200
Kaukas Restaurant	Chicken Souvlaki	https://images.pexels.com/photos/7542730/pexels-photo-7542730.jpeg?auto=compress&cs=tinysrgb&fit=crop&h=627&w=1200
Kaukas Restaurant	Falafel Wrap	https://images.pexels.com/photos/33486231/pexels-photo-33486231.jpeg?auto=compress&cs=tinysrgb&fit=crop&h=627&w=1200
Kaukas Restaurant	Hummus Plate	https://images.pexels.com/photos/5191824/pexels-photo-5191824.jpeg?auto=compress&cs=tinysrgb&fit=crop&h=627&w=1200
Kaukas Restaurant	Baklava	https://images.pexels.com/photos/37336809/pexels-photo-37336809.jpeg?auto=compress&cs=tinysrgb&fit=crop&h=627&w=1200
Kaukas Restaurant	Köfte Plate	https://images.pexels.com/photos/37322911/pexels-photo-37322911.jpeg?auto=compress&cs=tinysrgb&fit=crop&h=627&w=1200
L'Osteria Innsbruck	Caprese	https://images.pexels.com/photos/114975/pexels-photo-114975.jpeg?auto=compress&cs=tinysrgb&fit=crop&h=627&w=1200
L'Osteria Innsbruck	Penne Arrabbiata	https://images.pexels.com/photos/10489233/pexels-photo-10489233.jpeg?auto=compress&cs=tinysrgb&fit=crop&h=627&w=1200
L'Osteria Innsbruck	Pizza Margherita	https://images.pexels.com/photos/12096782/pexels-photo-12096782.jpeg?auto=compress&cs=tinysrgb&fit=crop&h=627&w=1200
L'Osteria Innsbruck	Pizza Diavola	https://images.pexels.com/photos/12557612/pexels-photo-12557612.jpeg?auto=compress&cs=tinysrgb&fit=crop&h=627&w=1200
L'Osteria Innsbruck	Tiramisu	https://images.pexels.com/photos/5049191/pexels-photo-5049191.jpeg?auto=compress&cs=tinysrgb&fit=crop&h=627&w=1200
Mexico Arriba	Burrito Bowl	https://images.pexels.com/photos/8696479/pexels-photo-8696479.jpeg?auto=compress&cs=tinysrgb&fit=crop&h=627&w=1200
Mexico Arriba	Chicken Tacos	https://images.pexels.com/photos/36498703/pexels-photo-36498703.jpeg?auto=compress&cs=tinysrgb&fit=crop&h=627&w=1200
Mexico Arriba	Nachos & Guacamole	https://images.pexels.com/photos/18930039/pexels-photo-18930039.jpeg?auto=compress&cs=tinysrgb&fit=crop&h=627&w=1200
Mexico Arriba	Churros	https://images.pexels.com/photos/17778860/pexels-photo-17778860.jpeg?auto=compress&cs=tinysrgb&fit=crop&h=627&w=1200
Mexico Arriba	Veggie Tacos	https://images.pexels.com/photos/4958425/pexels-photo-4958425.jpeg?auto=compress&cs=tinysrgb&fit=crop&h=627&w=1200
Sensei	Edamame	https://images.pexels.com/photos/31261434/pexels-photo-31261434.jpeg?auto=compress&cs=tinysrgb&fit=crop&h=627&w=1200
Sensei	Salmon Maki Set	https://images.pexels.com/photos/10692490/pexels-photo-10692490.jpeg?auto=compress&cs=tinysrgb&fit=crop&h=627&w=1200
Sensei	Teriyaki Chicken Bowl	https://images.pexels.com/photos/13065183/pexels-photo-13065183.jpeg?auto=compress&cs=tinysrgb&fit=crop&h=627&w=1200
Sensei	Miso Soup	https://images.pexels.com/photos/31214058/pexels-photo-31214058.jpeg?auto=compress&cs=tinysrgb&fit=crop&h=627&w=1200
Sensei	Veggie Sushi Box	https://images.pexels.com/photos/17308507/pexels-photo-17308507.jpeg?auto=compress&cs=tinysrgb&fit=crop&h=627&w=1200
Stiftskeller Innsbruck	Apfelstrudel	https://images.pexels.com/photos/6163258/pexels-photo-6163258.jpeg?auto=compress&cs=tinysrgb&fit=crop&h=627&w=1200
Stiftskeller Innsbruck	Gröstl Bowl	https://images.pexels.com/photos/37292427/pexels-photo-37292427.jpeg?auto=compress&cs=tinysrgb&fit=crop&h=627&w=1200
Stiftskeller Innsbruck	Wiener Schnitzel	https://images.pexels.com/photos/1352274/pexels-photo-1352274.jpeg?auto=compress&cs=tinysrgb&fit=crop&h=627&w=1200
Stiftskeller Innsbruck	Käsespätzle	https://images.pexels.com/photos/34267736/pexels-photo-34267736.jpeg?auto=compress&cs=tinysrgb&fit=crop&h=627&w=1200
Stiftskeller Innsbruck	Mixed Salad	https://images.pexels.com/photos/31212423/pexels-photo-31212423.jpeg?auto=compress&cs=tinysrgb&fit=crop&h=627&w=1200
TAJ Indisches Restaurant	Butter Chicken	https://images.pexels.com/photos/12737809/pexels-photo-12737809.jpeg?auto=compress&cs=tinysrgb&fit=crop&h=627&w=1200
TAJ Indisches Restaurant	Garlic Naan	https://images.pexels.com/photos/35066811/pexels-photo-35066811.jpeg?auto=compress&cs=tinysrgb&fit=crop&h=627&w=1200
TAJ Indisches Restaurant	Vegetable Momos	https://images.pexels.com/photos/28445589/pexels-photo-28445589.jpeg?auto=compress&cs=tinysrgb&fit=crop&h=627&w=1200
TAJ Indisches Restaurant	Dal Tadka	https://images.pexels.com/photos/29850004/pexels-photo-29850004.jpeg?auto=compress&cs=tinysrgb&fit=crop&h=627&w=1200
TAJ Indisches Restaurant	Mango Lassi	https://images.pexels.com/photos/14509267/pexels-photo-14509267.jpeg?auto=compress&cs=tinysrgb&fit=crop&h=627&w=1200
Teppan Wok	Edamame	https://images.pexels.com/photos/3985872/pexels-photo-3985872.jpeg?auto=compress&cs=tinysrgb&fit=crop&h=627&w=1200
Teppan Wok	Salmon Maki Set	https://images.pexels.com/photos/6531075/pexels-photo-6531075.jpeg?auto=compress&cs=tinysrgb&fit=crop&h=627&w=1200
Teppan Wok	Teriyaki Chicken Bowl	https://images.pexels.com/photos/15985538/pexels-photo-15985538.jpeg?auto=compress&cs=tinysrgb&fit=crop&h=627&w=1200
Teppan Wok	Miso Soup	https://images.pexels.com/photos/12471188/pexels-photo-12471188.jpeg?auto=compress&cs=tinysrgb&fit=crop&h=627&w=1200
Teppan Wok	Veggie Sushi Box	https://images.pexels.com/photos/16920251/pexels-photo-16920251.jpeg?auto=compress&cs=tinysrgb&fit=crop&h=627&w=1200
Vapiano Innsbruck Triumphpforte	Caprese	https://images.pexels.com/photos/4768996/pexels-photo-4768996.jpeg?auto=compress&cs=tinysrgb&fit=crop&h=627&w=1200
Vapiano Innsbruck Triumphpforte	Penne Arrabbiata	https://images.pexels.com/photos/14930762/pexels-photo-14930762.jpeg?auto=compress&cs=tinysrgb&fit=crop&h=627&w=1200
Vapiano Innsbruck Triumphpforte	Pizza Margherita	https://images.pexels.com/photos/31300969/pexels-photo-31300969.jpeg?auto=compress&cs=tinysrgb&fit=crop&h=627&w=1200
Vapiano Innsbruck Triumphpforte	Pizza Diavola	https://images.pexels.com/photos/36838155/pexels-photo-36838155.jpeg?auto=compress&cs=tinysrgb&fit=crop&h=627&w=1200
Vapiano Innsbruck Triumphpforte	Tiramisu	https://images.pexels.com/photos/20150547/pexels-photo-20150547.jpeg?auto=compress&cs=tinysrgb&fit=crop&h=627&w=1200
Wirtshaus Schöneck	Apfelstrudel	https://images.pexels.com/photos/29172205/pexels-photo-29172205.jpeg?auto=compress&cs=tinysrgb&fit=crop&h=627&w=1200
Wirtshaus Schöneck	Gröstl Bowl	https://images.pexels.com/photos/16123121/pexels-photo-16123121.jpeg?auto=compress&cs=tinysrgb&fit=crop&h=627&w=1200
Wirtshaus Schöneck	Wiener Schnitzel	https://images.pexels.com/photos/1352270/pexels-photo-1352270.jpeg?auto=compress&cs=tinysrgb&fit=crop&h=627&w=1200
Wirtshaus Schöneck	Käsespätzle	https://images.pexels.com/photos/37275048/pexels-photo-37275048.jpeg?auto=compress&cs=tinysrgb&fit=crop&h=627&w=1200
Wirtshaus Schöneck	Mixed Salad	https://images.pexels.com/photos/3026013/pexels-photo-3026013.jpeg?auto=compress&cs=tinysrgb&fit=crop&h=627&w=1200
die Wilderin	Apfelstrudel	https://images.pexels.com/photos/18784857/pexels-photo-18784857.jpeg?auto=compress&cs=tinysrgb&fit=crop&h=627&w=1200
die Wilderin	Gröstl Bowl	https://images.pexels.com/photos/35210173/pexels-photo-35210173.jpeg?auto=compress&cs=tinysrgb&fit=crop&h=627&w=1200
die Wilderin	Wiener Schnitzel	https://images.pexels.com/photos/15734011/pexels-photo-15734011.jpeg?auto=compress&cs=tinysrgb&fit=crop&h=627&w=1200
die Wilderin	Käsespätzle	https://images.pexels.com/photos/7961933/pexels-photo-7961933.jpeg?auto=compress&cs=tinysrgb&fit=crop&h=627&w=1200
die Wilderin	Mixed Salad	https://images.pexels.com/photos/3070968/pexels-photo-3070968.jpeg?auto=compress&cs=tinysrgb&fit=crop&h=627&w=1200