Akropolis	https://images.pexels.com/photos/5779384/pexels-photo-5779384.jpeg?auto=compress&cs=tinysrgb&fit=crop&h=627&w=1200
Die Brennerei	https://images.pexels.com/photos/104884/pexels-photo-104884.jpeg?auto=compress&cs=tinysrgb&fit=crop&h=627&w=1200
Due Sicilie	https://images.pexels.com/photos/29873027/pexels-photo-29873027.jpeg?auto=compress&cs=tinysrgb&fit=crop&h=627&w=1200
Fischerhäusl	https://images.pexels.com/photos/34636425/pexels-photo-34636425.jpeg?auto=compress&cs=tinysrgb&fit=crop&h=627&w=1200
Gaia Cuisine	https://images.pexels.com/photos/34227757/pexels-photo-34227757.jpeg?auto=compress&cs=tinysrgb&fit=crop&h=627&w=1200
Gasthof Weisses Rössl	https://images.pexels.com/photos/33865565/pexels-photo-33865565.jpeg?auto=compress&cs=tinysrgb&fit=crop&h=627&w=1200
Goldener Adler Restaurant	https://images.pexels.com/photos/15734011/pexels-photo-15734011.jpeg?auto=compress&cs=tinysrgb&fit=crop&h=627&w=1200
Goldenes Dachl Restaurant	https://images.pexels.com/photos/18275671/pexels-photo-18275671.jpeg?auto=compress&cs=tinysrgb&fit=crop&h=627&w=1200
Himal Nepali Kitchen	https://images.pexels.com/photos/31872335/pexels-photo-31872335.jpeg?auto=compress&cs=tinysrgb&fit=crop&h=627&w=1200
Indisches Restaurant Rama	https://images.pexels.com/photos/9609847/pexels-photo-9609847.jpeg?auto=compress&cs=tinysrgb&fit=crop&h=627&w=1200
Kaukas Restaurant	https://images.pexels.com/photos/36934946/pexels-photo-36934946.jpeg?auto=compress&cs=tinysrgb&fit=crop&h=627&w=1200
L'Osteria Innsbruck	https://images.pexels.com/photos/6223177/pexels-photo-6223177.jpeg?auto=compress&cs=tinysrgb&fit=crop&h=627&w=1200
Mexico Arriba	https://images.pexels.com/photos/36925853/pexels-photo-36925853.jpeg?auto=compress&cs=tinysrgb&fit=crop&h=627&w=1200
Sensei	https://images.pexels.com/photos/28481038/pexels-photo-28481038.jpeg?auto=compress&cs=tinysrgb&fit=crop&h=627&w=1200
Stiftskeller Innsbruck	https://images.pexels.com/photos/7287695/pexels-photo-7287695.jpeg?auto=compress&cs=tinysrgb&fit=crop&h=627&w=1200
TAJ Indisches Restaurant	https://images.pexels.com/photos/31249588/pexels-photo-31249588.jpeg?auto=compress&cs=tinysrgb&fit=crop&h=627&w=1200
Teppan Wok	https://images.pexels.com/photos/8951138/pexels-photo-8951138.jpeg?auto=compress&cs=tinysrgb&fit=crop&h=627&w=1200
Vapiano Innsbruck Triumphpforte	https://images.pexels.com/photos/31119111/pexels-photo-31119111.jpeg?auto=compress&cs=tinysrgb&fit=crop&h=627&w=1200
Wirtshaus Schöneck	https://images.pexels.com/photos/29545366/pexels-photo-29545366.jpeg?auto=compress&cs=tinysrgb&fit=crop&h=627&w=1200
die Wilderin	https://images.pexels.com/photos/33753900/pexels-photo-33753900.jpeg?auto=compress&cs=tinysrgb&fit=crop&h=627&w=1200
